<?xml version="1.0" encoding="UTF-8"?>
<project-private xmlns="http://www.netbeans.org/ns/project-private/1">
    <editor-bookmarks xmlns="http://www.netbeans.org/ns/editor-bookmarks/2" lastBookmarkId="0"/>
    <open-files xmlns="http://www.netbeans.org/ns/projectui-open-files/2">
        <group>
            <file>file:/C:/Users/Andrea/OneDrive/Documentos/NetBeansProjects/ici/src/menu1.java</file>
            <file>file:/C:/Users/Andrea/OneDrive/Documentos/NetBeansProjects/ici/src/scrollbar.java</file>
            <file>file:/C:/Users/Andrea/OneDrive/Documentos/NetBeansProjects/ici/src/grafico_pastel.java</file>
            <file>file:/C:/Users/Andrea/OneDrive/Documentos/NetBeansProjects/ici/src/leerarchvios2.java</file>
            <file>file:/C:/Users/Andrea/OneDrive/Documentos/NetBeansProjects/ici/src/ya.java</file>
            <file>file:/C:/Users/Andrea/OneDrive/Documentos/NetBeansProjects/ici/src/XYSeriesCollection_1.java</file>
            <file>file:/C:/Users/Andrea/OneDrive/Documentos/NetBeansProjects/ici/src/prueba2.java</file>
            <file>file:/C:/Users/Andrea/OneDrive/Documentos/NetBeansProjects/ici/src/nombres.java</file>
            <file>file:/C:/Users/Andrea/OneDrive/Documentos/NetBeansProjects/ici/src/leerarchivos2.java</file>
            <file>file:/C:/Users/Andrea/OneDrive/Documentos/NetBeansProjects/ici/src/jfreechart_archivos.java</file>
            <file>file:/C:/Users/Andrea/OneDrive/Documentos/NetBeansProjects/ici/src/XYDataset.java</file>
            <file>file:/C:/Users/Andrea/OneDrive/Documentos/NetBeansProjects/ici/src/array.java</file>
            <file>file:/C:/Users/Andrea/OneDrive/Documentos/NetBeansProjects/ici/src/grafica_barra.java</file>
            <file>file:/C:/Users/Andrea/OneDrive/Documentos/NetBeansProjects/ici/src/XYSeriesCollection_2.java</file>
            <file>file:/C:/Users/Andrea/OneDrive/Documentos/NetBeansProjects/ici/src/leer2.java</file>
            <file>file:/C:/Users/Andrea/OneDrive/Documentos/NetBeansProjects/ici/src/meses.java</file>
            <file>file:/C:/Users/Andrea/OneDrive/Documentos/NetBeansProjects/ici/src/Jframe/leer.java</file>
            <file>file:/C:/Users/Andrea/OneDrive/Documentos/NetBeansProjects/ici/src/XYSeriesCollection.java</file>
            <file>file:/C:/Users/Andrea/OneDrive/Documentos/NetBeansProjects/ici/src/ejercicio3.java</file>
            <file>file:/C:/Users/Andrea/OneDrive/Documentos/NetBeansProjects/ici/src/leerarchivos.java</file>
            <file>file:/C:/Users/Andrea/OneDrive/Documentos/NetBeansProjects/ici/src/xy_plot.java</file>
        </group>
    </open-files>
</project-private>
